<?xml version="1.0"?>
<game_state>
	<input />
	<window />
	<renderer />
	<textures />
	<audio>
		<volumemusic value="0.300000012" />
		<volumefx value="0.300000012" />
	</audio>
	<map />
	<scene>
		<scenename name="maplevel1.tmx" />
	</scene>
	<collision />
	<entity>
		<Entity type="slime">
			<position pos_x="1536" pos_y="288" />
		</Entity>
		<Entity type="slime">
			<position pos_x="2496" pos_y="288" />
		</Entity>
		<Entity type="wizard">
			<position pos_x="692" pos_y="416" />
		</Entity>
		<Entity type="wizard">
			<position pos_x="4916" pos_y="416" />
		</Entity>
		<Entity type="slime">
			<position pos_x="704" pos_y="544" />
		</Entity>
		<Entity type="wizard">
			<position pos_x="2132" pos_y="608" />
		</Entity>
		<Entity type="slime">
			<position pos_x="3616" pos_y="800" />
		</Entity>
		<Entity type="slime">
			<position pos_x="4160" pos_y="1088" />
		</Entity>
		<Entity type="slime">
			<position pos_x="3264" pos_y="1248" />
		</Entity>
		<Entity type="slime">
			<position pos_x="3904" pos_y="1504" />
		</Entity>
		<Entity type="player">
			<position pos_x="100" pos_y="713" />
		</Entity>
	</entity>
	<pathfinding />
	<Fade />
</game_state>
